order_id,customer_id,order_date,amount,currency,status
ORD-0458,CUST-0145,2024-01-05,275.07,EUR,completed
ORD-0290,CUST-0172,18/02/2024,272.41,USD,completed
ORD-0324,CUST-0189,30/03/2024,380.79,EUR,completed
ORD-0032,CUST-0085,2024-07-29,709.88,EUR,completed
ORD-0429,CUST-0193,2024-05-06,370.79,USD,returned
ORD-0199,CUST-0168,18/06/2024,360.82,USD,pending
ORD-0483,CUST-0131,2024-07-03,,USD,cancelled
ORD-0175,CUST-0133,2024-03-04,232.78,USD,pending
ORD-0508,CUST-0079,2024-08-25,142.94,USD,completed
ORD-0595,CUST-0181,2024-04-11,414.0,USD,pending
ORD-0353,CUST-0159,2024-09-26,640.05,USD,completed
ORD-0295,CUST-0198,2024-06-08,706.55,EUR,completed
ORD-0760,CUST-0046,2024-10-16,62951.21,INR,completed
ORD-0870,CUST-0100,2024-07-12,507.75,USD,completed
ORD-0961,CUST-0008,2024-10-11,23203.42,INR,completed
ORD-0140,CUST-0030,28/09/2024,273.74,EUR,cancelled
ORD-0193,CUST-0012,29/06/2024,146.17,EUR,pending
ORD-0880,CUST-0121,2024-04-02,657.46,USD,pending
ORD-0982,CUST-0138,2024-09-25,46.19,EUR,pending
ORD-0558,CUST-0008,2024-08-08,57999.33,INR,completed
ORD-0179,CUST-0082,2024-02-20,51752.67,INR,completed
ORD-0738,CUST-0143,2024-03-13,485.39,USD,completed
ORD-0371,CUST-0064,2024-02-07,575.11,USD,completed
ORD-0707,CUST-0140,2024-11-04,N/A,USD,pending
ORD-0169,CUST-0114,08/11/2024,370.16,USD,pending
ORD-0466,CUST-0062,2024-09-10,517.7,USD,completed
ORD-0071,CUST-0191,11/09/2024,50759.55,INR,cancelled
ORD-0842,CUST-0177,2024-03-24,,USD,pending
ORD-0979,CUST-0113,2024-11-11,376.89,USD,completed
ORD-0410,CUST-0002,2024-12-26,568.93,USD,completed
ORD-0200,CUST-0103,2024-08-13,63331.45,INR,completed
ORD-0696,CUST-0182,01/08/2024,,EUR,cancelled
ORD-0437,CUST-0071,2024-12-01,214.75,USD,cancelled
ORD-0060,CUST-0008,2024-01-24,299.6,USD,completed
ORD-0680,CUST-0043,2024-09-09,,USD,pending
ORD-0629,CUST-0099,2024-01-03,311.02,USD,completed
ORD-0742,CUST-0030,2024-04-02,57.81,EUR,completed
ORD-0502,CUST-0035,22/11/2024,37556.62,INR,completed
ORD-0627,CUST-0148,2024-03-22,,USD,pending
ORD-0658,CUST-0043,2024-02-27,785.62,USD,pending
ORD-0448,CUST-0041,2024-08-13,353.68,USD,returned
ORD-0450,CUST-0071,2024-02-17,290.19,EUR,completed
ORD-0799,CUST-0055,2024-09-17,449.45,USD,completed
ORD-0238,CUST-0089,2024-07-23,458.09,USD,completed
ORD-9904,CUST-9904,2024-06-15,100.0,USD,completed
ORD-0089,CUST-0107,01/12/2024,338.33,USD,completed
ORD-0142,CUST-0051,2024-03-29,497.83,EUR,pending
ORD-0216,CUST-0045,2024-08-15,62940.14,INR,pending
ORD-0741,CUST-0037,23/03/2024,217.14,USD,completed
ORD-0110,CUST-0117,23/07/2024,352.88,USD,completed
ORD-0274,CUST-0123,19/04/2024,747.76,USD,completed
ORD-0087,CUST-0138,2024-03-10,760.52,USD,completed
ORD-0363,CUST-0183,2024-07-22,37311.35,INR,completed
ORD-0209,CUST-0009,2024-03-05,305.74,USD,pending
ORD-0468,CUST-0082,2024-03-08,348.27,USD,pending
ORD-0685,CUST-0128,2024-01-03,702.65,EUR,completed
ORD-0784,CUST-0193,01/03/2024,723.55,USD,completed
ORD-0519,CUST-0186,2024-07-21,352.8,USD,completed
ORD-0500,CUST-0012,28/04/2024,46003.78,INR,completed
ORD-0953,CUST-0018,2024-07-17,686.22,EUR,completed
ORD-0308,CUST-0047,2024-03-10,490.78,EUR,returned
ORD-0668,CUST-0041,2024-09-15,,INR,cancelled
ORD-0887,CUST-0029,2024-04-30,140.51,EUR,completed
ORD-0550,CUST-0003,2024-05-15,293.38,USD,completed
ORD-0778,CUST-0124,2024-03-28,131.32,USD,completed
ORD-0430,CUST-0090,2024-02-14,624.99,USD,returned
ORD-0319,CUST-0103,2024-08-12,693.71,USD,completed
ORD-0334,CUST-0190,2024-03-01,687.37,EUR,pending
ORD-0762,CUST-0060,02/02/2024,541.5,USD,completed
ORD-0968,CUST-0168,2024-10-16,36891.11,INR,completed
ORD-0663,CUST-0067,2024-12-01,548.78,USD,pending
ORD-0755,CUST-0152,2024-04-18,36010.3,INR,completed
ORD-0276,CUST-0063,26/01/2024,484.98,EUR,completed
ORD-0552,CUST-0043,2024-07-30,445.9,USD,completed
ORD-0735,CUST-0137,2024-04-22,642.04,USD,completed
ORD-0097,CUST-0001,2024-05-21,9754.5,INR,completed
ORD-0443,CUST-0024,2024-08-22,640.28,EUR,completed
ORD-0050,CUST-0098,2024-07-16,42903.21,INR,pending
ORD-0873,CUST-0047,2024-03-10,501.83,USD,completed
ORD-0949,CUST-0140,2024-09-24,474.07,EUR,completed
ORD-0573,CUST-0009,14/09/2024,436.33,EUR,completed
ORD-0077,CUST-0139,2024-07-06,625.91,EUR,cancelled
ORD-0011,CUST-0014,09/05/2024,53704.34,INR,completed
ORD-0523,CUST-0099,2024-03-11,641.81,USD,completed
ORD-0754,CUST-0130,2024-11-19,336.0,USD,completed
ORD-0382,CUST-0002,2024-07-21,647.18,USD,completed
ORD-0431,CUST-0061,17/04/2024,23765.06,INR,completed
ORD-0537,CUST-0158,2024-04-13,12768.7,INR,completed
ORD-0409,CUST-0008,2024-11-10,28776.61,INR,completed
ORD-0782,CUST-0130,2024-12-16,95.11,USD,completed
ORD-0412,CUST-0084,10/04/2024,692.86,USD,completed
ORD-0666,CUST-0170,2024-05-07,520.3,USD,completed
ORD-0426,CUST-0131,2024-02-27,415.55,EUR,completed
ORD-0159,CUST-0168,23/12/2024,536.87,EUR,completed
ORD-9909,CUST-9909,2024-06-15,100.0,USD,completed
ORD-0137,CUST-0177,2024-07-04,209.79,USD,pending
ORD-0389,CUST-0141,2024-01-14,46481.31,INR,completed
ORD-0366,CUST-0191,26/06/2024,674.17,USD,completed
ORD-0211,CUST-0095,2024-07-09,127.4,USD,completed
ORD-0108,CUST-0180,28/02/2024,50329.13,INR,completed
ORD-0212,CUST-0094,2024-07-22,769.21,USD,completed
ORD-0888,CUST-0071,2024-10-26,,USD,pending
ORD-0114,CUST-0144,2024-10-14,295.81,USD,completed
ORD-0874,CUST-0070,2024-12-24,32.2,EUR,completed
ORD-0406,CUST-0174,2024-03-25,34265.61,INR,pending
ORD-0486,CUST-0004,2024-05-05,737.78,USD,completed
ORD-0590,CUST-0155,2024-11-26,732.48,USD,completed
ORD-0917,CUST-0081,2024-10-08,25104.19,INR,completed
ORD-0102,CUST-0158,2024-01-23,500.32,EUR,cancelled
ORD-0897,CUST-0071,2024-11-02,5873.66,INR,completed
ORD-0372,CUST-0163,2024-03-19,96.0,EUR,completed
ORD-0079,CUST-0030,2024-08-27,62872.76,INR,completed
ORD-0713,CUST-0078,08/09/2024,71.35,EUR,completed
ORD-0576,CUST-0175,10/08/2024,135.35,USD,pending
ORD-0811,CUST-0144,25/10/2024,235.68,USD,returned
ORD-0084,CUST-0144,2024-06-16,5514.28,INR,completed
ORD-0328,CUST-0119,2024-01-30,425.93,EUR,returned
ORD-0793,CUST-0110,2024-11-29,410.43,EUR,completed
ORD-0185,CUST-0017,2024-02-26,35539.42,INR,completed
ORD-0024,CUST-0146,27/05/2024,257.19,USD,completed
ORD-0399,CUST-0133,2024-10-12,344.31,EUR,completed
ORD-0530,CUST-0189,2024-01-29,439.41,EUR,cancelled
ORD-0040,CUST-0030,24/08/2024,11277.17,INR,completed
ORD-0031,CUST-0090,2024-07-28,689.03,USD,completed
ORD-0876,CUST-0033,2024-08-12,128.3,EUR,completed
ORD-0810,CUST-0004,26/12/2024,241.91,USD,completed
ORD-0332,CUST-0049,2024-10-27,368.92,EUR,completed
ORD-9906,CUST-9906,2024-06-15,100.0,USD,completed
ORD-0055,CUST-0178,2024-07-22,641.91,EUR,cancelled
ORD-0347,CUST-0162,28/04/2024,190.6,USD,completed
ORD-0405,CUST-0012,2024-12-29,525.42,USD,pending
ORD-0676,CUST-0014,24/04/2024,50230.94,INR,completed
ORD-0281,CUST-0023,2024-11-29,547.32,EUR,completed
ORD-0577,CUST-0153,2024-05-12,649.73,USD,pending
ORD-0004,CUST-0185,2024-04-08,761.68,USD,pending
ORD-0868,CUST-0153,28/04/2024,156.03,EUR,completed
ORD-0351,CUST-0005,2024-09-14,52691.65,INR,completed
ORD-0356,CUST-0167,2024-01-17,451.11,USD,completed
ORD-0709,CUST-0189,2024-09-20,237.71,USD,completed
ORD-0505,CUST-0070,2024-04-29,628.35,USD,completed
ORD-0693,CUST-0075,2024-12-17,785.44,USD,completed
ORD-0059,CUST-0163,2024-12-26,45569.07,INR,completed
ORD-0064,CUST-0164,10/05/2024,721.15,USD,completed
ORD-0790,CUST-0140,28/07/2024,600.04,USD,completed
ORD-0846,CUST-0148,28/11/2024,589.19,EUR,completed
ORD-0101,CUST-0200,2024-07-04,386.81,EUR,completed
ORD-0482,CUST-0068,30/12/2024,33005.37,INR,completed
ORD-0310,CUST-0097,2024-07-11,702.15,USD,returned
ORD-0452,CUST-0194,2024-04-29,94.24,USD,completed
ORD-0947,CUST-0074,2024-01-08,257.99,USD,pending
ORD-0975,CUST-0129,2024-11-05,163.5,USD,completed
ORD-0214,CUST-0068,2024-05-13,465.89,EUR,completed
ORD-0287,CUST-0042,22/08/2024,28.31,EUR,pending
ORD-0529,CUST-0041,2024-02-21,436.28,USD,completed
ORD-0333,CUST-0086,2024-06-04,61009.64,INR,completed
ORD-0896,CUST-0049,2024-10-17,591.27,USD,completed
ORD-0067,CUST-0117,2024-06-03,396.9,USD,completed
ORD-0329,CUST-0035,2024-07-17,524.43,USD,completed
ORD-0068,CUST-0061,2024-07-14,744.65,EUR,completed
ORD-0555,CUST-0006,12/06/2024,286.61,USD,completed
ORD-0013,CUST-0039,15/10/2024,17260.13,INR,completed
ORD-0309,CUST-0108,2024-07-10,56720.89,INR,completed
ORD-0257,CUST-0173,2024-02-26,52093.93,INR,completed
ORD-0926,CUST-0077,2024-02-17,177.16,EUR,completed
ORD-0544,CUST-0045,12/07/2024,119.33,USD,completed
ORD-0584,CUST-0122,2024-01-20,502.23,USD,completed
ORD-0683,CUST-0028,2024-07-31,544.27,USD,completed
ORD-0297,CUST-0117,2024-11-06,731.98,USD,pending
ORD-0783,CUST-0122,2024-11-10,407.01,EUR,cancelled
ORD-0559,CUST-0041,2024-01-28,168.19,USD,completed
ORD-0905,CUST-0026,17/01/2024,499.6,EUR,pending
ORD-0955,CUST-0060,2024-07-13,679.63,EUR,pending
ORD-0977,CUST-0105,2024-01-08,15632.19,INR,returned
ORD-0689,CUST-0108,2024-11-07,18873.34,INR,pending
ORD-0248,CUST-0093,2024-10-10,371.28,USD,completed
ORD-0278,CUST-0198,2024-03-11,744.7,USD,completed
ORD-0757,CUST-0198,2024-10-28,358.16,EUR,completed
ORD-0003,CUST-0091,25/12/2024,199.82,USD,completed
ORD-0901,CUST-0169,2024-10-02,44884.74,INR,completed
ORD-0589,CUST-0077,2024-08-14,551.48,EUR,completed
ORD-0591,CUST-0105,2024-09-05,618.98,EUR,cancelled
ORD-0965,CUST-0115,2024-10-04,473.2,USD,completed
ORD-0736,CUST-0140,2024-05-31,44507.85,INR,completed
ORD-0651,CUST-0076,15/05/2024,156.27,USD,completed
ORD-0825,CUST-0092,2024-03-20,75.45,EUR,completed
ORD-0352,CUST-0046,2024-02-24,16801.52,INR,completed
ORD-0360,CUST-0178,2024-10-17,77.99,USD,completed
ORD-0507,CUST-0105,2024-03-02,169.99,EUR,returned
ORD-0261,CUST-0038,2024-12-14,566.41,USD,completed
ORD-0770,CUST-0055,2024-03-17,579.5,USD,completed
ORD-0802,CUST-0023,2024-02-02,495.04,USD,completed
ORD-0621,CUST-0150,2024-10-24,57978.55,INR,completed
ORD-0320,CUST-0015,2024-03-12,615.16,EUR,completed
ORD-0817,CUST-0118,27/10/2024,17871.56,INR,completed
ORD-0245,CUST-0153,2024-11-30,23.99,EUR,completed
ORD-0219,CUST-0093,2024-09-17,637.81,USD,returned
ORD-0653,CUST-0030,2024-02-18,2114.19,INR,cancelled
ORD-0744,CUST-0018,08/05/2024,400.01,USD,pending
ORD-0791,CUST-0002,22/10/2024,292.52,EUR,completed
ORD-0478,CUST-0045,02/03/2024,28.85,USD,completed
ORD-0507,CUST-0105,2024-03-02,169.99,EUR,returned
ORD-0441,CUST-0132,2024-05-22,350.84,EUR,cancelled
ORD-0107,CUST-0153,2024-09-28,355.56,USD,completed
ORD-0579,CUST-0134,2024-08-22,45976.17,INR,completed
ORD-0056,CUST-0137,13/07/2024,57852.36,INR,completed
ORD-0121,CUST-0080,2024-06-22,131.74,USD,completed
ORD-0650,CUST-0020,2024-02-21,30503.7,INR,completed
ORD-0026,CUST-0011,2024-08-09,36.93,EUR,completed
ORD-0073,CUST-0065,2024-12-13,516.39,EUR,pending
ORD-0335,CUST-0179,05/11/2024,193.19,EUR,completed
ORD-0045,CUST-0001,2024-05-24,442.5,EUR,pending
ORD-0307,CUST-0016,2024-02-05,19730.26,INR,completed
ORD-0656,CUST-0047,2024-02-28,232.03,USD,returned
ORD-0618,CUST-0086,01/12/2024,600.48,USD,completed
ORD-0803,CUST-0186,2024-07-15,43167.13,INR,completed
ORD-0636,CUST-0104,2024-01-10,122.34,USD,pending
ORD-0705,CUST-0065,2024-04-13,654.93,EUR,pending
ORD-0291,CUST-0064,2024-01-04,607.93,USD,completed
ORD-0306,CUST-0149,2024-02-07,69.73,USD,completed
ORD-0535,CUST-0127,2024-10-04,90.4,USD,completed
ORD-0561,CUST-0073,01/06/2024,465.98,USD,completed
ORD-0704,CUST-0107,16/12/2024,30.11,USD,completed
ORD-0232,CUST-0008,2024-02-11,469.88,USD,completed
ORD-0528,CUST-0121,2024-09-28,201.55,USD,completed
ORD-0632,CUST-0080,2024-03-07,258.77,USD,completed
ORD-0210,CUST-0099,17/10/2024,370.94,USD,completed
ORD-0337,CUST-0067,2024-07-03,90.18,EUR,completed
ORD-0700,CUST-0076,2024-04-14,613.87,EUR,completed
ORD-1000,CUST-0128,05/10/2024,32835.14,INR,completed
ORD-0985,CUST-0100,2024-09-21,156.97,EUR,returned
ORD-0368,CUST-0199,2024-06-16,794.22,USD,completed
ORD-0061,CUST-0111,2024-03-15,551.8,USD,completed
ORD-0414,CUST-0030,2024-06-27,154.57,USD,completed
ORD-0781,CUST-0097,2024-07-16,427.71,USD,completed
ORD-0093,CUST-0117,2024-02-16,455.11,EUR,completed
ORD-0788,CUST-0190,22/12/2024,204.31,EUR,completed
ORD-0634,CUST-0153,2024-09-25,796.47,USD,cancelled
ORD-0766,CUST-0097,2024-07-06,74.98,EUR,cancelled
ORD-0712,CUST-0153,2024-01-27,635.18,EUR,completed
ORD-0494,CUST-0095,2024-10-29,50768.76,INR,returned
ORD-0266,CUST-0137,2024-06-24,653.12,EUR,completed
ORD-0244,CUST-0062,2024-04-20,223.95,EUR,completed
ORD-0847,CUST-0091,15/06/2024,557.14,EUR,completed
ORD-0698,CUST-0172,2024-01-29,145.53,USD,pending
ORD-0815,CUST-0148,2024-05-08,430.24,EUR,returned
ORD-0532,CUST-0061,2024-10-30,299.85,USD,pending
ORD-0293,CUST-0093,2024-12-20,383.01,USD,completed
ORD-0345,CUST-0139,2024-11-24,54780.85,INR,completed
ORD-0299,CUST-0175,2024-11-01,29868.5,INR,completed
ORD-0495,CUST-0188,2024-10-06,22.67,EUR,completed
ORD-0183,CUST-0156,2024-09-27,205.36,USD,pending
ORD-0594,CUST-0052,2024-01-30,736.06,USD,completed
ORD-0433,CUST-0053,2024-04-15,35299.83,INR,completed
ORD-0111,CUST-0171,2024-05-10,739.93,USD,completed
ORD-0916,CUST-0169,2024-03-21,701.34,EUR,completed
ORD-0849,CUST-0043,2024-11-23,41585.86,INR,completed
ORD-0612,CUST-0168,2024-09-11,28078.92,INR,completed
ORD-0548,CUST-0085,2024-02-09,150.95,USD,returned
ORD-0835,CUST-0048,2024-09-12,606.71,USD,completed
ORD-0944,CUST-0114,2024-11-15,658.17,USD,completed
ORD-0343,CUST-0196,2024-09-07,32652.82,INR,completed
ORD-0313,CUST-0194,2024-01-12,47162.47,INR,completed
ORD-0262,CUST-0049,10/01/2024,342.11,USD,completed
ORD-0300,CUST-0181,2024-07-04,68.17,USD,completed
ORD-0875,CUST-0013,30/09/2024,240.05,USD,returned
ORD-0797,CUST-0199,2024-12-27,693.79,USD,completed
ORD-0138,CUST-0151,2024-07-24,245.12,EUR,completed
ORD-0362,CUST-0081,2024-01-09,49268.16,INR,completed
ORD-0843,CUST-0162,2024-02-19,301.55,USD,completed
ORD-0912,CUST-0049,2024-04-08,475.74,EUR,completed
ORD-0836,CUST-0094,2024-07-24,122.29,USD,completed
ORD-0588,CUST-0126,2024-12-22,184.86,EUR,returned
ORD-0030,CUST-0150,2024-08-11,84.79,EUR,completed
ORD-0166,CUST-0010,2024-12-04,122.22,USD,pending
ORD-0249,CUST-0141,2024-05-23,40301.24,INR,completed
ORD-0322,CUST-0083,2024-05-01,534.97,USD,completed
ORD-0695,CUST-0030,2024-06-29,708.04,EUR,completed
ORD-0714,CUST-0182,2024-06-11,399.08,EUR,returned
ORD-0355,CUST-0179,2024-04-25,82.88,USD,pending
ORD-0614,CUST-0088,2024-04-23,366.24,EUR,completed
ORD-0534,CUST-0037,15/10/2024,,INR,pending
ORD-0066,CUST-0089,2024-10-27,558.44,USD,returned
ORD-0391,CUST-0105,2024-12-10,208.78,USD,completed
ORD-0906,CUST-0135,2024-11-15,286.17,EUR,completed
ORD-0255,CUST-0077,2024-10-30,,USD,pending
ORD-0729,CUST-0148,2024-04-26,30146.48,INR,completed
ORD-0724,CUST-0198,02/10/2024,172.29,EUR,completed
ORD-0222,CUST-0184,2024-09-02,620.68,EUR,pending
ORD-0236,CUST-0041,2024-08-13,285.35,USD,completed
ORD-0492,CUST-0080,2024-06-16,307.76,USD,completed
ORD-0616,CUST-0143,2024-04-02,597.92,USD,completed
ORD-0930,CUST-0015,20/06/2024,344.89,USD,pending
ORD-0596,CUST-0163,04/03/2024,375.79,EUR,completed
ORD-0988,CUST-0037,25/08/2024,47388.07,INR,completed
ORD-0250,CUST-0033,2024-02-19,,USD,pending
ORD-0586,CUST-0177,2024-05-01,229.5,USD,completed
ORD-0425,CUST-0200,2024-08-22,380.57,EUR,pending
ORD-0072,CUST-0059,2024-11-06,13573.38,INR,completed
ORD-0095,CUST-0145,2024-04-15,181.58,USD,pending
ORD-0034,CUST-0030,2024-07-25,1573.09,INR,pending
ORD-0654,CUST-0036,2024-12-05,672.79,EUR,completed
ORD-0260,CUST-0044,2024-09-25,633.73,EUR,completed
ORD-0205,CUST-0090,2024-08-16,295.0,USD,cancelled
ORD-0635,CUST-0088,2024-09-07,759.51,USD,completed
ORD-0630,CUST-0004,13/06/2024,31.11,EUR,completed
ORD-0381,CUST-0127,2024-10-31,117.18,EUR,completed
ORD-0078,CUST-0066,2024-09-03,56770.21,INR,completed
ORD-0085,CUST-0119,2024-12-24,129.03,USD,completed
ORD-0631,CUST-0002,2024-11-16,659.95,EUR,completed
ORD-0083,CUST-0164,2024-07-09,39.52,USD,completed
ORD-0038,CUST-0032,2024-01-15,16695.39,INR,completed
ORD-0449,CUST-0177,2024-03-08,57025.88,INR,completed
ORD-9901,CUST-9901,2024-06-15,100.0,USD,completed
ORD-0568,CUST-0069,15/10/2024,540.63,USD,pending
ORD-0957,CUST-0118,2024-10-14,17209.4,INR,completed
ORD-0476,CUST-0062,30/01/2024,110.47,USD,cancelled
ORD-0954,CUST-0093,2024-02-25,526.54,USD,cancelled
ORD-0006,CUST-0151,2024-09-25,627.48,EUR,returned
ORD-0311,CUST-0035,2024-11-30,64545.77,INR,completed
ORD-0496,CUST-0105,2024-01-13,674.87,USD,completed
ORD-0105,CUST-0019,2024-02-11,118.43,USD,completed
ORD-0098,CUST-0065,2024-03-30,122.81,USD,cancelled
ORD-0378,CUST-0044,2024-12-16,254.88,USD,completed
ORD-0454,CUST-0114,2024-01-05,114.06,USD,completed
ORD-0315,CUST-0040,2024-05-21,617.08,USD,cancelled
ORD-0440,CUST-0116,08/02/2024,86.15,EUR,cancelled
ORD-0950,CUST-0037,2024-12-21,444.76,EUR,completed
ORD-0282,CUST-0010,2024-03-30,748.46,USD,pending
ORD-0267,CUST-0175,2024-11-25,32245.44,INR,completed
ORD-0514,CUST-0016,2024-04-23,310.35,USD,pending
ORD-0491,CUST-0103,2024-02-05,50618.99,INR,cancelled
ORD-0903,CUST-0083,26/02/2024,54.15,USD,completed
ORD-0723,CUST-0050,2024-06-13,140.53,EUR,cancelled
ORD-0986,CUST-0113,2024-07-22,19655.58,INR,pending
ORD-0571,CUST-0108,2024-10-01,437.23,EUR,cancelled
ORD-0119,CUST-0144,2024-11-14,37.22,EUR,completed
ORD-0451,CUST-0167,2024-03-25,586.27,USD,completed
ORD-0251,CUST-0094,2024-03-14,410.06,USD,completed
ORD-0421,CUST-0125,2024-03-10,458.03,USD,completed
ORD-0286,CUST-0035,2024-09-15,107.86,USD,completed
ORD-0891,CUST-0087,2024-11-16,140.06,USD,completed
ORD-0010,CUST-0147,2024-05-25,163.8,USD,completed
ORD-0479,CUST-0128,2024-06-26,545.6,EUR,pending
ORD-0197,CUST-0080,2024-09-20,389.25,USD,pending
ORD-0662,CUST-0124,06/09/2024,55.86,USD,completed
ORD-0082,CUST-0117,2024-07-07,445.9,EUR,completed
ORD-0463,CUST-0185,07/11/2024,40.92,USD,cancelled
ORD-0886,CUST-0051,03/07/2024,15329.55,INR,cancelled
ORD-0678,CUST-0025,2024-12-03,667.31,USD,completed
ORD-0240,CUST-0025,2024-01-26,499.99,USD,completed
ORD-0851,CUST-0059,2024-06-09,228.63,USD,completed
ORD-0212,CUST-0094,2024-07-22,769.21,USD,completed
ORD-0785,CUST-0139,2024-01-01,42726.22,INR,pending
ORD-0465,CUST-0101,2024-05-31,599.05,EUR,pending
ORD-0527,CUST-0153,2024-04-22,239.13,USD,pending
ORD-0228,CUST-0021,08/05/2024,234.07,USD,returned
ORD-0938,CUST-0199,2024-12-23,456.25,USD,completed
ORD-0569,CUST-0022,2024-12-08,777.15,USD,completed
ORD-0531,CUST-0100,2024-06-30,12530.71,INR,returned
ORD-0909,CUST-0107,2024-07-07,469.6,EUR,completed
ORD-0178,CUST-0096,30/04/2024,195.14,USD,completed
ORD-0444,CUST-0137,2024-07-22,185.24,USD,completed
ORD-0900,CUST-0159,05/07/2024,545.77,EUR,completed
ORD-0446,CUST-0145,2024-09-05,575.97,EUR,cancelled
ORD-0540,CUST-0096,26/12/2024,7915.54,INR,completed
ORD-0998,CUST-0187,2024-08-16,720.86,USD,completed
ORD-0848,CUST-0021,14/07/2024,718.23,EUR,completed
ORD-0877,CUST-0127,2024-04-21,643.58,USD,completed
ORD-0008,CUST-0033,20/05/2024,247.87,USD,completed
ORD-0156,CUST-0086,2024-02-03,321.52,USD,completed
ORD-0358,CUST-0112,2024-11-26,646.03,EUR,completed
ORD-0592,CUST-0132,2024-03-22,334.64,USD,pending
ORD-0224,CUST-0175,21/09/2024,628.61,USD,cancelled
ORD-0330,CUST-0116,2024-07-08,168.58,USD,pending
ORD-0553,CUST-0026,02/09/2024,573.03,EUR,completed
ORD-0487,CUST-0046,2024-01-19,560.17,EUR,cancelled
ORD-0852,CUST-0166,2024-07-21,692.99,USD,completed
ORD-0395,CUST-0138,2024-10-31,580.87,EUR,completed
ORD-0621,CUST-0150,2024-10-24,57978.55,INR,completed
ORD-0498,CUST-0187,2024-06-06,205.77,USD,completed
ORD-0533,CUST-0152,2024-01-15,433.52,EUR,completed
ORD-0855,CUST-0180,10/02/2024,94.53,USD,completed
ORD-0826,CUST-0170,09/09/2024,414.36,EUR,pending
ORD-0622,CUST-0129,2024-03-02,20445.59,INR,completed
ORD-0774,CUST-0035,18/11/2024,125.51,EUR,cancelled
ORD-0718,CUST-0167,05/01/2024,207.47,USD,completed
ORD-0808,CUST-0168,01/01/2024,19021.99,INR,completed
ORD-0941,CUST-0083,16/12/2024,44155.97,INR,completed
ORD-0804,CUST-0074,2024-12-30,50624.14,INR,completed
ORD-0164,CUST-0125,2024-04-08,80.19,USD,completed
ORD-0229,CUST-0161,2024-06-04,487.2,EUR,completed
ORD-0585,CUST-0175,21/12/2024,705.59,USD,completed
ORD-0867,CUST-0126,2024-09-01,642.41,USD,pending
ORD-0213,CUST-0007,2024-04-05,458.1,USD,completed
ORD-0838,CUST-0061,2024-10-11,133.76,USD,completed
ORD-0080,CUST-0174,11/12/2024,52591.32,INR,returned
ORD-0149,CUST-0024,2024-11-10,442.8,EUR,completed
ORD-0303,CUST-0024,18/09/2024,122.92,USD,completed
ORD-0801,CUST-0002,16/02/2024,39615.59,INR,completed
ORD-0991,CUST-0152,2024-12-30,7226.41,INR,cancelled
ORD-0869,CUST-0144,11/08/2024,594.95,USD,completed
ORD-0480,CUST-0043,2024-07-09,229.64,USD,pending
ORD-0044,CUST-0198,2024-07-31,228.39,USD,pending
ORD-0539,CUST-0199,2024-02-26,N/A,INR,cancelled
ORD-0134,CUST-0005,23/08/2024,38060.71,INR,cancelled
ORD-0602,CUST-0197,15/12/2024,524.95,USD,cancelled
ORD-0312,CUST-0101,2024-09-27,671.16,USD,returned
ORD-0567,CUST-0048,16/08/2024,225.45,USD,completed
ORD-0665,CUST-0087,22/09/2024,87.72,EUR,pending
ORD-0524,CUST-0064,18/11/2024,2740.15,INR,completed
ORD-0984,CUST-0063,2024-09-22,46.73,EUR,returned
ORD-0823,CUST-0049,2024-09-12,195.19,EUR,completed
ORD-0001,CUST-0104,2024-12-20,307.84,USD,completed
ORD-0361,CUST-0072,2024-10-05,697.86,EUR,completed
ORD-0383,CUST-0085,13/08/2024,690.42,USD,pending
ORD-0317,CUST-0005,2024-05-03,46.19,USD,completed
ORD-0995,CUST-0157,2024-03-22,619.24,USD,completed
ORD-0599,CUST-0024,25/05/2024,685.98,USD,completed
ORD-0424,CUST-0057,2024-05-29,245.16,USD,completed
ORD-0582,CUST-0028,2024-10-15,,EUR,pending
ORD-0285,CUST-0086,2024-05-25,428.97,USD,completed
ORD-0459,CUST-0055,2024-11-17,468.97,EUR,cancelled
ORD-0173,CUST-0042,12/04/2024,17375.2,INR,completed
ORD-0126,CUST-0021,19/05/2024,493.52,USD,completed
ORD-0902,CUST-0197,2024-10-09,339.65,USD,completed
ORD-0515,CUST-0162,2024-11-26,735.59,USD,completed
ORD-0606,CUST-0160,2024-07-22,749.58,EUR,completed
ORD-0987,CUST-0043,2024-08-04,558.16,USD,cancelled
ORD-0091,CUST-0061,2024-07-04,444.68,USD,completed
ORD-0627,CUST-0148,2024-03-22,,USD,pending
ORD-0182,CUST-0005,11/05/2024,753.38,USD,completed
ORD-0364,CUST-0146,2024-07-18,298.98,EUR,completed
ORD-0275,CUST-0179,2024-05-19,477.73,USD,completed
ORD-0763,CUST-0133,2024-07-03,707.61,USD,cancelled
ORD-0978,CUST-0172,2024-04-13,696.64,EUR,completed
ORD-0070,CUST-0145,17/12/2024,684.57,EUR,returned
ORD-0292,CUST-0085,2024-06-03,209.46,EUR,completed
ORD-0132,CUST-0034,2024-07-13,426.99,EUR,completed
ORD-0301,CUST-0141,15/09/2024,148.34,USD,completed
ORD-0520,CUST-0091,2024-04-19,29821.73,INR,completed
ORD-0327,CUST-0122,2024-05-03,46431.13,INR,completed
ORD-0145,CUST-0160,2024-06-14,11085.79,INR,completed
ORD-0517,CUST-0033,2024-02-17,22553.42,INR,pending
ORD-0637,CUST-0188,2024-01-12,286.34,EUR,completed
ORD-0323,CUST-0057,2024-07-30,759.85,USD,completed
ORD-0136,CUST-0006,2024-06-15,378.88,USD,cancelled
ORD-0536,CUST-0060,04/11/2024,20.53,USD,completed
ORD-0733,CUST-0075,2024-12-17,616.91,USD,completed
ORD-0165,CUST-0026,16/09/2024,664.86,EUR,pending
ORD-0029,CUST-0045,2024-08-28,221.61,EUR,completed
ORD-0615,CUST-0172,2024-07-02,633.35,EUR,pending
ORD-0194,CUST-0200,2024-12-16,512.75,USD,completed
ORD-0644,CUST-0027,2024-09-18,101.46,EUR,completed
ORD-0697,CUST-0109,2024-01-07,124.38,EUR,completed
ORD-0434,CUST-0153,2024-10-02,248.26,USD,returned
ORD-0600,CUST-0200,2024-04-19,44533.65,INR,completed
ORD-0170,CUST-0137,02/05/2024,385.83,USD,pending
ORD-0549,CUST-0023,2024-12-28,263.77,EUR,pending
ORD-0141,CUST-0187,2024-11-26,10799.21,INR,completed
ORD-0174,CUST-0165,2024-09-03,8014.45,INR,completed
ORD-0007,CUST-0076,2024-04-26,572.25,USD,completed
ORD-0701,CUST-0027,2024-11-11,56417.43,INR,pending
ORD-0543,CUST-0178,2024-11-10,449.11,EUR,completed
ORD-0779,CUST-0150,2024-04-03,140.77,EUR,completed
ORD-0818,CUST-0098,2024-11-20,531.26,EUR,completed
ORD-0074,CUST-0036,2024-11-17,50.75,USD,completed
  ORD-0480  ,CUST-0043,2024-07-09,229.64,USD,pending
ORD-0049,CUST-0106,2024-01-23,732.48,USD,completed
ORD-0239,CUST-0082,2024-05-03,213.38,USD,completed
ORD-0146,CUST-0018,28/08/2024,234.25,USD,completed
ORD-0866,CUST-0195,2024-03-10,26.49,USD,completed
ORD-0235,CUST-0063,2024-12-16,557.12,USD,completed
ORD-0221,CUST-0142,2024-03-07,244.4,EUR,completed
ORD-0215,CUST-0178,08/09/2024,77.76,USD,completed
ORD-0722,CUST-0132,17/09/2024,720.66,USD,completed
ORD-0133,CUST-0172,2024-06-30,,USD,cancelled
ORD-9907,CUST-9907,2024-06-15,100.0,USD,completed
ORD-0715,CUST-0130,2024-03-22,91.72,USD,completed
ORD-0717,CUST-0193,12/11/2024,620.94,EUR,returned
ORD-0423,CUST-0114,2024-09-07,640.79,USD,completed
ORD-0186,CUST-0162,2024-09-20,231.21,EUR,pending
ORD-0042,CUST-0121,2024-05-04,168.68,USD,completed
ORD-0669,CUST-0020,2024-09-08,236.96,USD,completed
ORD-0109,CUST-0185,2024-04-20,342.77,USD,cancelled
ORD-0645,CUST-0028,11/09/2024,225.14,USD,completed
ORD-0057,CUST-0125,04/10/2024,512.31,USD,completed
ORD-0542,CUST-0164,06/09/2024,727.12,EUR,completed
ORD-0266,CUST-0137,2024-06-24,653.12,EUR,completed
ORD-0617,CUST-0186,2024-10-13,515.55,EUR,completed
ORD-0484,CUST-0041,2024-05-10,,EUR,cancelled
ORD-0469,CUST-0140,2024-12-15,790.15,USD,completed
ORD-0942,CUST-0109,06/07/2024,483.22,USD,completed
ORD-0436,CUST-0025,2024-03-10,59841.81,INR,pending
ORD-0025,CUST-0104,2024-05-19,76.88,EUR,completed
ORD-0598,CUST-0089,2024-03-24,54260.26,INR,completed
ORD-0526,CUST-0145,2024-09-14,40.33,USD,completed
ORD-0589,CUST-0077,2024-08-14,551.48,EUR,completed
ORD-0845,CUST-0032,2024-06-28,14133.84,INR,returned
ORD-0759,CUST-0158,2024-12-16,368.05,USD,completed
ORD-0898,CUST-0040,2024-08-18,306.35,USD,completed
ORD-0339,CUST-0081,2024-07-30,598.18,USD,cancelled
ORD-0052,CUST-0085,2024-02-21,34897.89,INR,completed
ORD-0384,CUST-0153,2024-03-10,562.33,USD,completed
ORD-0828,CUST-0148,2024-05-20,734.49,USD,returned
ORD-0208,CUST-0041,2024-01-16,629.42,USD,completed
ORD-0833,CUST-0026,15/06/2024,165.98,USD,cancelled
ORD-0619,CUST-0079,03/08/2024,208.73,EUR,completed
ORD-0265,CUST-0170,01/09/2024,144.77,EUR,completed
ORD-0812,CUST-0156,2024-04-09,23.63,USD,completed
ORD-0801,CUST-0002,16/02/2024,39615.59,INR,completed
ORD-0747,CUST-0158,2024-12-03,461.13,USD,completed
ORD-0445,CUST-0069,2024-06-14,38198.79,INR,completed
ORD-0396,CUST-0169,2024-12-06,54.55,USD,completed
ORD-0177,CUST-0116,27/06/2024,26674.83,INR,completed
ORD-0019,CUST-0177,2024-10-31,244.72,USD,completed
ORD-0546,CUST-0198,2024-10-17,738.41,USD,completed
ORD-0623,CUST-0014,18/03/2024,339.17,USD,completed
ORD-0062,CUST-0047,2024-03-28,318.38,USD,completed
ORD-0273,CUST-0074,2024-02-10,220.03,USD,completed
ORD-0967,CUST-0135,2024-03-10,620.64,USD,cancelled
ORD-0279,CUST-0105,30/11/2024,,INR,cancelled
ORD-0369,CUST-0126,26/04/2024,356.84,USD,cancelled
ORD-0674,CUST-0024,2024-11-05,58022.04,INR,completed
ORD-0737,CUST-0187,2024-11-27,451.75,USD,cancelled
ORD-0597,CUST-0115,2024-03-31,36509.69,INR,completed
ORD-0667,CUST-0039,12/10/2024,2239.45,INR,completed
ORD-0686,CUST-0150,2024-09-04,59296.52,INR,pending
ORD-0457,CUST-0098,2024-03-09,68.08,EUR,completed
ORD-0394,CUST-0178,2024-08-02,281.18,EUR,pending
ORD-0694,CUST-0167,2024-04-01,253.98,EUR,completed
ORD-0893,CUST-0166,26/06/2024,13753.3,INR,completed
ORD-0376,CUST-0084,2024-07-16,627.75,USD,completed
ORD-0413,CUST-0136,23/11/2024,326.18,USD,completed
ORD-0075,CUST-0113,2024-01-18,83.98,EUR,pending
ORD-0963,CUST-0174,09/11/2024,28000.67,INR,completed
ORD-0501,CUST-0096,2024-08-22,7569.14,INR,completed
ORD-0619,CUST-0079,03/08/2024,208.73,EUR,completed
ORD-0115,CUST-0171,2024-08-04,62993.31,INR,pending
ORD-0418,CUST-0148,2024-07-15,439.16,USD,completed
ORD-0090,CUST-0072,2024-01-17,343.52,EUR,completed
ORD-0835,CUST-0048,2024-09-12,606.71,USD,completed
ORD-0948,CUST-0121,12/01/2024,185.26,USD,pending
ORD-0934,CUST-0013,2024-12-10,344.19,EUR,completed
ORD-0992,CUST-0083,2024-12-20,138.04,EUR,pending
ORD-0012,CUST-0103,2024-09-08,61.82,USD,completed
ORD-0397,CUST-0166,2024-12-12,260.73,EUR,returned
ORD-0583,CUST-0089,2024-07-29,466.18,USD,completed
ORD-0043,CUST-0154,2024-09-17,69.1,EUR,completed
ORD-0168,CUST-0043,2024-08-12,581.28,USD,completed
ORD-0417,CUST-0096,2024-12-21,485.21,USD,completed
ORD-0882,CUST-0114,2024-05-06,355.33,EUR,completed
ORD-0427,CUST-0094,04/10/2024,47155.25,INR,completed
ORD-0545,CUST-0187,2024-01-01,26366.69,INR,cancelled
ORD-0964,CUST-0147,2024-03-19,492.19,USD,completed
  ORD-0656  ,CUST-0047,2024-02-28,232.03,USD,returned
ORD-0889,CUST-0011,2024-10-24,454.43,EUR,completed
ORD-0671,CUST-0021,2024-08-23,88.66,USD,completed
ORD-0258,CUST-0186,2024-12-18,212.37,EUR,completed
ORD-0336,CUST-0083,2024-05-24,300.22,USD,completed
ORD-0016,CUST-0110,2024-06-05,720.8,EUR,completed
ORD-0708,CUST-0115,2024-03-31,62617.18,INR,completed
ORD-0325,CUST-0089,2024-11-25,251.31,EUR,pending
ORD-0829,CUST-0072,2024-07-22,62.24,USD,completed
ORD-0223,CUST-0019,2024-03-05,30073.38,INR,completed
ORD-0180,CUST-0036,2024-01-20,562.94,USD,pending
ORD-0100,CUST-0033,2024-08-03,366.61,EUR,pending
ORD-0522,CUST-0128,29/07/2024,7070.32,INR,completed
ORD-0023,CUST-0037,2024-02-06,,USD,pending
ORD-0357,CUST-0015,2024-11-22,409.89,USD,completed
ORD-0731,CUST-0002,2024-11-24,564.04,EUR,completed
ORD-0497,CUST-0003,2024-06-20,682.22,USD,completed
ORD-0768,CUST-0089,2024-09-06,22.83,EUR,cancelled
ORD-0341,CUST-0076,2024-03-19,464.44,USD,completed
ORD-0432,CUST-0182,08/11/2024,119.92,EUR,completed
ORD-0603,CUST-0154,2024-01-05,755.54,USD,completed
ORD-0913,CUST-0046,2024-10-12,95.24,EUR,completed
ORD-0204,CUST-0079,2024-08-16,522.91,EUR,completed
ORD-0690,CUST-0088,30/05/2024,341.94,USD,completed
ORD-0094,CUST-0006,2024-01-26,110.18,EUR,completed
ORD-0761,CUST-0189,2024-09-04,49853.5,INR,completed
ORD-0069,CUST-0076,2024-01-12,18929.5,INR,completed
ORD-0721,CUST-0139,2024-05-24,620.99,USD,completed
ORD-0285,CUST-0086,2024-05-25,428.97,USD,completed
ORD-0971,CUST-0114,2024-11-22,50973.35,INR,completed
ORD-0435,CUST-0147,2024-05-16,58659.86,INR,completed
ORD-0154,CUST-0157,22/03/2024,322.18,USD,cancelled
ORD-0076,CUST-0076,16/06/2024,114.74,EUR,completed
ORD-0800,CUST-0179,2024-12-16,724.07,EUR,completed
ORD-0581,CUST-0146,28/10/2024,91.35,EUR,returned
ORD-0447,CUST-0012,2024-02-20,29.92,EUR,pending
ORD-0189,CUST-0140,2024-09-16,32.88,EUR,completed
ORD-0272,CUST-0102,2024-06-25,19943.74,INR,pending
ORD-0237,CUST-0037,2024-06-09,64239.48,INR,completed
ORD-0488,CUST-0108,2024-04-24,581.82,USD,completed
ORD-0560,CUST-0179,2024-10-10,212.17,EUR,pending
ORD-0118,CUST-0095,2024-02-28,608.89,EUR,completed
ORD-0894,CUST-0177,2024-07-12,720.96,USD,completed
ORD-0513,CUST-0025,2024-08-24,114.73,USD,pending
ORD-0605,CUST-0090,2024-08-23,548.21,USD,completed
ORD-0952,CUST-0179,2024-11-12,757.24,USD,completed
ORD-0127,CUST-0107,2024-05-19,289.23,USD,completed
ORD-0117,CUST-0169,2024-09-03,679.39,USD,completed
ORD-0474,CUST-0053,2024-03-20,482.3,EUR,completed
ORD-0758,CUST-0131,2024-02-16,536.89,USD,completed
ORD-0058,CUST-0074,2024-04-26,90.06,EUR,completed
ORD-0604,CUST-0183,2024-12-29,293.58,EUR,completed
ORD-0919,CUST-0145,2024-10-06,742.39,USD,pending
ORD-0996,CUST-0086,2024-10-16,11794.88,INR,cancelled
ORD-0370,CUST-0175,26/10/2024,470.83,EUR,completed
ORD-0269,CUST-0077,2024-05-27,375.95,EUR,completed
ORD-0047,CUST-0086,2024-10-09,700.85,EUR,completed
ORD-0350,CUST-0004,2024-01-09,733.51,EUR,completed
ORD-0196,CUST-0052,2024-01-23,249.02,EUR,cancelled
ORD-0103,CUST-0078,2024-08-22,748.97,EUR,completed
ORD-0914,CUST-0164,2024-10-22,538.89,USD,completed
ORD-0756,CUST-0139,2024-08-29,305.31,EUR,completed
ord-0767,CUST-0065,2024-07-11,27270.98,INR,completed
ORD-0264,CUST-0189,2024-02-01,428.57,EUR,completed
ORD-0821,CUST-0088,2024-02-08,247.75,EUR,completed
ORD-0444,CUST-0137,2024-07-22,185.24,USD,completed
ORD-0740,CUST-0186,2024-06-25,684.14,USD,cancelled
ORD-0305,CUST-0079,12/01/2024,601.73,USD,pending
ORD-0342,CUST-0063,12/09/2024,265.1,EUR,cancelled
ORD-0657,CUST-0099,2024-12-19,42701.75,INR,pending
ORD-0314,CUST-0109,29/09/2024,379.29,USD,completed
ORD-0150,CUST-0190,22/01/2024,528.43,USD,pending
ORD-0125,CUST-0022,2024-01-27,58.81,USD,pending
ORD-0860,CUST-0092,2024-06-15,56802.04,INR,completed
ORD-0899,CUST-0001,2024-11-22,664.31,EUR,pending
ORD-0051,CUST-0039,2024-09-10,62799.95,INR,completed
ORD-0354,CUST-0021,2024-07-10,16943.7,INR,completed
ORD-0872,CUST-0191,29/09/2024,55696.11,INR,completed
ORD-0143,CUST-0046,2024-11-17,,USD,pending
ORD-0471,CUST-0016,2024-07-22,384.77,EUR,completed
ORD-0400,CUST-0101,2024-08-25,384.34,EUR,completed
ORD-0925,CUST-0036,2024-05-15,201.74,USD,completed
ORD-0321,CUST-0188,2024-10-21,544.57,USD,completed
ORD-0020,CUST-0073,25/12/2024,16322.41,INR,completed
ORD-0885,CUST-0191,08/10/2024,485.4,EUR,completed
ORD-0943,CUST-0007,2024-06-05,660.84,USD,completed
ORD-0884,CUST-0175,2024-06-08,47743.05,INR,completed
ORD-0408,CUST-0104,18/11/2024,357.06,USD,completed
ORD-0538,CUST-0083,2024-01-31,735.43,USD,completed
ORD-0679,CUST-0075,07/10/2024,,EUR,pending
ORD-0039,CUST-0041,2024-06-08,86.23,EUR,completed
ORD-0176,CUST-0132,2024-03-16,59317.06,INR,completed
ORD-0246,CUST-0028,2024-08-08,305.31,USD,completed
ORD-0907,CUST-0156,2024-02-06,531.48,USD,cancelled
ORD-0732,CUST-0012,2024-12-24,33430.15,INR,completed
ORD-0824,CUST-0068,2024-04-15,672.34,USD,pending
ORD-0940,CUST-0189,25/09/2024,625.88,USD,completed
ORD-0155,CUST-0199,2024-06-22,479.81,EUR,completed
ORD-0639,CUST-0160,2024-01-25,97.14,EUR,completed
ORD-0288,CUST-0087,31/05/2024,146.46,EUR,pending
ORD-0626,CUST-0015,2024-01-03,623.36,USD,completed
ORD-0661,CUST-0008,16/12/2024,58126.94,INR,pending
ORD-0570,CUST-0151,2024-04-26,617.07,EUR,pending
ORD-0959,CUST-0089,2024-12-16,204.24,USD,completed
ORD-0018,CUST-0062,2024-03-29,317.03,EUR,completed
ORD-0128,CUST-0029,2024-05-25,403.72,EUR,completed
ORD-0323,CUST-0057,2024-07-30,759.85,USD,completed
ORD-0256,CUST-0182,2024-10-15,,USD,pending
ORD-0719,CUST-0165,2024-11-10,4032.21,INR,completed
ord-0296,CUST-0095,2024-11-10,392.98,USD,returned
ORD-0191,CUST-0005,2024-07-01,554.51,EUR,completed
ORD-0116,CUST-0154,08/06/2024,185.94,USD,completed
ORD-0945,CUST-0052,2024-12-16,685.16,USD,pending
ORD-0607,CUST-0096,2024-10-14,236.48,EUR,completed
ORD-0181,CUST-0036,2024-12-27,726.57,USD,completed
ORD-0302,CUST-0134,2024-08-14,474.86,USD,completed
ORD-0831,CUST-0176,30/03/2024,424.2,USD,completed
ORD-0933,CUST-0139,2024-10-16,192.22,USD,completed
ORD-0969,CUST-0185,2024-03-01,133.51,USD,pending
ORD-0750,CUST-0035,13/12/2024,356.81,EUR,cancelled
ORD-0921,CUST-0186,2024-01-18,34368.19,INR,completed
ORD-0518,CUST-0011,2024-08-24,357.86,USD,cancelled
ORD-0373,CUST-0002,2024-06-06,99.74,USD,pending
ORD-0046,CUST-0169,07/09/2024,32255.68,INR,completed
ORD-0993,CUST-0188,2024-03-04,514.58,USD,pending
ORD-0158,CUST-0021,2024-10-25,245.09,EUR,cancelled
ORD-0814,CUST-0088,2024-02-29,57133.18,INR,returned
ORD-0172,CUST-0197,2024-05-24,324.46,EUR,completed
ORD-0017,CUST-0026,2024-04-16,77.43,EUR,completed
ORD-0512,CUST-0008,26/07/2024,36432.68,INR,completed
ORD-0049,CUST-0106,2024-01-23,732.48,USD,completed
ORD-0192,CUST-0161,2024-02-23,261.4,EUR,pending
ORD-0920,CUST-0066,2024-07-03,26715.25,INR,completed
ORD-0516,CUST-0020,2024-01-12,42520.17,INR,completed
ORD-0853,CUST-0093,27/10/2024,140.48,EUR,completed
ORD-0751,CUST-0092,2024-06-05,523.53,USD,completed
ORD-0481,CUST-0031,2024-01-16,428.61,USD,completed
ORD-0284,CUST-0075,2024-01-20,103.69,USD,completed
ORD-0786,CUST-0134,2024-08-03,433.26,USD,completed
ORD-0716,CUST-0057,19/04/2024,232.9,EUR,completed
ORD-0226,CUST-0015,2024-03-04,136.56,EUR,completed
ORD-0027,CUST-0059,2024-12-11,61874.93,INR,completed
ORD-0856,CUST-0122,2024-10-07,428.71,USD,pending
ORD-0438,CUST-0183,2024-06-13,44440.89,INR,pending
ORD-0496,CUST-0105,2024-01-13,674.87,USD,completed
ORD-0365,CUST-0190,2024-03-12,75.41,EUR,completed
ORD-0230,CUST-0152,2024-10-24,582.09,USD,completed
ORD-0038,CUST-0032,2024-01-15,16695.39,INR,completed
ORD-0670,CUST-0130,2024-04-24,616.12,EUR,completed
  ORD-0478  ,CUST-0045,02/03/2024,28.85,USD,completed
ORD-0375,CUST-0027,14/01/2024,485.6,USD,completed
ORD-0470,CUST-0019,2024-01-09,175.92,EUR,completed
ord-0153,CUST-0011,2024-05-06,401.62,EUR,returned
ORD-0688,CUST-0169,2024-11-03,663.18,EUR,completed
ORD-0931,CUST-0031,2024-04-26,697.77,EUR,pending
ORD-0915,CUST-0027,2024-03-26,387.44,EUR,completed
ORD-0908,CUST-0021,2024-08-27,36934.26,INR,completed
ORD-0195,CUST-0035,2024-02-02,45.07,EUR,cancelled
ORD-0936,CUST-0101,2024-03-16,465.72,USD,completed
ORD-0946,CUST-0029,2024-01-28,135.19,USD,completed
ORD-0504,CUST-0081,2024-07-20,250.82,EUR,pending
ORD-9908,CUST-9908,2024-06-15,100.0,USD,completed
ORD-0910,CUST-0136,2024-01-21,75.05,EUR,pending
ORD-0580,CUST-0151,2024-09-24,127.54,EUR,completed
ORD-0161,CUST-0033,09/12/2024,747.92,EUR,cancelled
ORD-0681,CUST-0028,10/05/2024,698.92,EUR,completed
ORD-0974,CUST-0176,14/01/2024,391.75,USD,completed
ORD-0163,CUST-0093,2024-06-07,759.18,USD,completed
ORD-0706,CUST-0058,2024-11-20,570.74,EUR,completed
ORD-0794,CUST-0145,2024-07-06,308.94,EUR,returned
ORD-0153,CUST-0011,2024-05-06,401.62,EUR,returned
ORD-0746,CUST-0159,05/02/2024,30116.02,INR,completed
ORD-0765,CUST-0071,2024-05-14,293.71,EUR,completed
ORD-0826,CUST-0170,09/09/2024,414.36,EUR,pending
ORD-0112,CUST-0018,2024-02-16,7631.84,INR,completed
ORD-0227,CUST-0182,2024-04-25,718.04,USD,cancelled
ORD-0753,CUST-0068,2024-11-16,34.53,USD,completed
ORD-0104,CUST-0103,2024-08-06,683.9,EUR,completed
ORD-0422,CUST-0168,10/09/2024,573.91,USD,completed
ORD-0420,CUST-0081,2024-08-18,714.75,EUR,cancelled
ORD-0820,CUST-0068,07/05/2024,604.05,USD,completed
ORD-0587,CUST-0096,2024-01-11,262.54,USD,pending
ORD-0854,CUST-0006,2024-03-05,706.4,EUR,completed
ORD-0673,CUST-0005,2024-02-22,448.3,USD,completed
ORD-0120,CUST-0169,21/12/2024,568.11,USD,completed
ORD-0054,CUST-0040,2024-02-08,284.08,USD,returned
ORD-0152,CUST-0027,2024-06-24,42529.07,INR,completed
ORD-0404,CUST-0025,2024-08-12,67.17,EUR,completed
ORD-9902,CUST-9902,2024-06-15,100.0,USD,completed
ORD-0208,CUST-0041,2024-01-16,629.42,USD,completed
ORD-0659,CUST-0041,2024-02-23,645.77,USD,completed
ORD-0924,CUST-0147,2024-10-19,297.41,USD,completed
ORD-0834,CUST-0068,2024-05-01,287.62,USD,returned
ORD-0009,CUST-0033,2024-11-22,56917.7,INR,completed
ORD-0883,CUST-0198,2024-02-18,364.11,EUR,returned
ORD-0037,CUST-0141,2024-03-08,45838.88,INR,completed
ORD-0453,CUST-0055,01/09/2024,425.17,USD,completed
ORD-0652,CUST-0011,2024-05-28,352.28,USD,completed
ORD-0254,CUST-0157,2024-06-12,596.67,USD,returned
ORD-0304,CUST-0107,21/08/2024,510.47,EUR,completed
ORD-0983,CUST-0028,2024-08-19,704.67,USD,cancelled
ORD-0572,CUST-0061,31/08/2024,686.07,USD,completed
ORD-0624,CUST-0146,2024-08-22,160.68,USD,cancelled
ORD-0775,CUST-0043,12/05/2024,27246.48,INR,completed
ORD-0787,CUST-0059,2024-09-03,449.18,EUR,completed
ORD-0263,CUST-0053,2024-07-29,363.22,EUR,completed
ORD-0611,CUST-0154,2024-07-25,545.98,EUR,completed
ORD-0298,CUST-0194,02/10/2024,49878.09,INR,pending
ORD-0415,CUST-0173,2024-12-27,38975.69,INR,cancelled
ORD-0151,CUST-0083,2024-11-05,68.26,USD,completed
ORD-0862,CUST-0046,2024-10-29,483.44,EUR,completed
ORD-0641,CUST-0141,2024-05-09,562.25,USD,completed
ORD-0972,CUST-0028,2024-03-08,497.35,USD,pending
ORD-0551,CUST-0028,2024-01-01,347.33,USD,completed
ORD-0865,CUST-0094,2024-07-30,20.07,USD,completed
ORD-0489,CUST-0070,2024-02-09,510.87,EUR,completed
ORD-0711,CUST-0120,2024-12-29,60467.89,INR,completed
ORD-0148,CUST-0015,2024-07-07,56379.88,INR,completed
ORD-0147,CUST-0015,2024-06-29,348.8,EUR,completed
ORD-0789,CUST-0197,2024-04-29,39491.56,INR,completed
ORD-0013,CUST-0039,15/10/2024,17260.13,INR,completed
ORD-0809,CUST-0103,2024-06-29,164.63,EUR,completed
ORD-0966,CUST-0176,2024-04-13,46276.16,INR,completed
ORD-0660,CUST-0174,2024-08-12,299.71,USD,completed
ORD-0771,CUST-0031,2024-12-04,581.8,USD,pending
ORD-0349,CUST-0124,2024-12-03,450.28,USD,completed
ORD-0464,CUST-0169,2024-06-03,167.14,USD,completed
ORD-0326,CUST-0107,2024-07-28,608.44,USD,completed
ORD-0187,CUST-0001,2024-11-10,166.1,USD,completed
ORD-0124,CUST-0095,08/06/2024,,EUR,pending
ORD-0935,CUST-0153,2024-10-21,230.12,EUR,completed
ORD-0609,CUST-0071,2024-05-13,494.87,EUR,returned
ORD-0144,CUST-0115,2024-12-14,41841.44,INR,completed
ORD-0752,CUST-0021,23/05/2024,35702.25,INR,completed
ord-0701,CUST-0027,2024-11-11,56417.43,INR,pending
ORD-0198,CUST-0010,2024-11-27,629.06,USD,completed
ORD-0610,CUST-0049,2024-03-17,59.56,EUR,completed
ORD-0280,CUST-0052,27/05/2024,728.19,USD,completed
ORD-0294,CUST-0041,2024-07-26,667.87,EUR,cancelled
ORD-0911,CUST-0056,22/09/2024,434.7,USD,pending
ORD-0401,CUST-0089,2024-01-13,738.03,USD,completed
ORD-0123,CUST-0024,28/09/2024,285.9,USD,completed
ORD-0184,CUST-0032,2024-01-25,505.79,USD,completed
ORD-0203,CUST-0140,2024-05-30,535.52,USD,completed
ORD-0439,CUST-0126,2024-03-13,321.21,EUR,completed
ORD-0247,CUST-0104,2024-07-06,458.22,USD,completed
ORD-0416,CUST-0173,2024-03-09,111.22,USD,completed
ORD-0850,CUST-0147,2024-07-26,11786.97,INR,completed
ORD-0837,CUST-0148,17/12/2024,230.56,USD,completed
ORD-0990,CUST-0035,20/07/2024,159.53,USD,completed
ORD-0209,CUST-0009,2024-03-05,305.74,USD,pending
ORD-0970,CUST-0008,2024-06-12,27614.49,INR,completed
ORD-0130,CUST-0053,2024-06-03,50024.22,INR,pending
ORD-0638,CUST-0167,20/01/2024,621.57,USD,completed
ORD-0403,CUST-0088,21/08/2024,272.96,EUR,completed
ORD-0904,CUST-0034,2024-04-01,32321.01,INR,completed
ORD-0844,CUST-0144,2024-10-12,2759.54,INR,completed
ORD-0736,CUST-0140,2024-05-31,44507.85,INR,completed
ORD-0997,CUST-0038,2024-04-01,243.5,EUR,completed
ORD-0220,CUST-0061,09/09/2024,307.75,USD,completed
ORD-0642,CUST-0162,2024-01-05,536.74,USD,completed
ORD-0999,CUST-0052,2024-01-02,353.73,EUR,completed
ORD-0994,CUST-0022,2024-09-25,731.84,EUR,pending
ORD-0881,CUST-0004,2024-03-03,,INR,pending
ORD-0758,CUST-0131,2024-02-16,536.89,USD,completed
ORD-0625,CUST-0021,2024-09-06,264.46,USD,returned
ORD-0918,CUST-0196,2024-11-20,,USD,pending
ORD-0660,CUST-0174,2024-08-12,299.71,USD,completed
ORD-0387,CUST-0084,2024-07-11,,USD,pending
  ORD-0985  ,CUST-0100,2024-09-21,156.97,EUR,returned
ORD-0807,CUST-0179,2024-04-28,281.33,EUR,completed
ORD-0510,CUST-0084,2024-03-16,297.48,USD,completed
ORD-0268,CUST-0064,2024-05-22,730.17,EUR,completed
ORD-0895,CUST-0125,2024-12-27,563.69,USD,completed
ORD-0442,CUST-0125,2024-06-16,638.13,EUR,cancelled
ORD-0497,CUST-0003,2024-06-20,682.22,USD,completed
ORD-0830,CUST-0109,01/09/2024,23552.85,INR,completed
ORD-0113,CUST-0190,09/07/2024,38740.53,INR,completed
ORD-0692,CUST-0183,2024-10-10,474.89,EUR,completed
ORD-0233,CUST-0167,17/04/2024,485.74,EUR,completed
ORD-0951,CUST-0170,2024-09-26,241.53,USD,completed
ORD-0608,CUST-0028,2024-09-03,519.66,USD,returned
ORD-0672,CUST-0128,2024-08-16,601.29,USD,returned
ORD-0374,CUST-0023,2024-04-05,419.7,USD,completed
ORD-0827,CUST-0011,2024-09-03,720.53,USD,completed
ORD-0664,CUST-0197,2024-10-22,717.62,EUR,completed
ORD-0923,CUST-0006,2024-12-19,N/A,INR,cancelled
ORD-0234,CUST-0128,2024-11-17,239.13,EUR,completed
ORD-0819,CUST-0081,2024-07-30,2117.42,INR,completed
ORD-0859,CUST-0033,2024-03-08,43.73,EUR,completed
ORD-0677,CUST-0154,30/08/2024,349.25,EUR,completed
ORD-0318,CUST-0154,10/12/2024,560.08,EUR,completed
ORD-0649,CUST-0147,2024-12-08,628.03,USD,cancelled
ORD-0411,CUST-0017,2024-10-22,165.83,USD,cancelled
ORD-0981,CUST-0098,2024-06-09,466.11,USD,cancelled
ORD-0710,CUST-0068,2024-03-07,24.4,USD,pending
ORD-0359,CUST-0025,2024-09-27,58730.83,INR,completed
ORD-0259,CUST-0168,23/10/2024,445.14,EUR,pending
ORD-0745,CUST-0085,2024-07-01,98.04,USD,completed
ORD-0628,CUST-0158,10/08/2024,724.62,EUR,completed
ORD-0633,CUST-0017,24/01/2024,587.71,USD,completed
ORD-0283,CUST-0010,22/07/2024,566.27,EUR,completed
ORD-0377,CUST-0186,2024-10-13,37819.49,INR,returned
ORD-0385,CUST-0123,2024-06-09,268.93,USD,completed
ORD-0225,CUST-0164,2024-10-27,357.44,USD,returned
ORD-0005,CUST-0177,04/04/2024,235.67,USD,pending
ORD-0890,CUST-0096,2024-02-15,555.04,USD,completed
ORD-0473,CUST-0158,2024-03-19,418.82,USD,completed
ORD-0348,CUST-0117,2024-07-10,748.44,USD,completed
ORD-0506,CUST-0150,2024-02-25,383.52,USD,completed
ORD-0640,CUST-0006,25/01/2024,296.35,EUR,completed
ORD-9905,CUST-9905,2024-06-15,100.0,USD,completed
ORD-0798,CUST-0031,27/04/2024,146.2,USD,completed
ORD-0780,CUST-0176,2024-06-24,5871.52,INR,completed
ORD-0989,CUST-0029,2024-04-02,527.56,EUR,cancelled
ORD-0620,CUST-0076,2024-08-25,56515.98,INR,completed
ORD-0937,CUST-0013,2024-10-07,411.42,USD,completed
ORD-0878,CUST-0096,25/08/2024,76.72,EUR,completed
ORD-0646,CUST-0134,2024-04-13,145.09,USD,completed
ORD-0927,CUST-0020,2024-06-15,622.42,EUR,completed
ORD-0557,CUST-0024,2024-06-22,371.36,EUR,completed
ORD-0682,CUST-0101,2024-04-20,579.09,USD,pending
ORD-0578,CUST-0023,17/07/2024,645.05,EUR,completed
ORD-0796,CUST-0144,2024-10-11,470.57,USD,returned
ORD-0086,CUST-0010,2024-06-04,16409.8,INR,completed
ORD-0243,CUST-0079,11/09/2024,414.25,USD,cancelled
ORD-0699,CUST-0074,2024-12-15,558.66,USD,pending
ORD-0895,CUST-0125,2024-12-27,563.69,USD,completed
ORD-0160,CUST-0022,2024-06-07,258.44,EUR,completed
ORD-0525,CUST-0098,02/07/2024,288.35,USD,pending
ORD-0036,CUST-0194,2024-09-12,167.0,EUR,pending
ORD-0541,CUST-0078,2024-06-14,759.98,USD,completed
ORD-0171,CUST-0050,2024-07-07,340.52,EUR,completed
ORD-0655,CUST-0160,2024-05-17,53250.23,INR,completed
ORD-0973,CUST-0069,06/11/2024,187.96,EUR,completed
ORD-0939,CUST-0125,2024-07-21,468.91,EUR,completed
ORD-0928,CUST-0177,2024-12-25,453.71,EUR,cancelled
ORD-0485,CUST-0030,2024-04-26,646.56,EUR,completed
ORD-0734,CUST-0113,2024-07-14,389.71,USD,completed
ORD-0096,CUST-0056,2024-04-29,722.41,USD,completed
ORD-0564,CUST-0044,22/11/2024,678.14,USD,completed
ORD-0241,CUST-0064,22/03/2024,47291.66,INR,cancelled
ORD-0743,CUST-0193,2024-10-08,246.71,USD,completed
ORD-0864,CUST-0089,2024-09-03,341.44,EUR,pending
ORD-0575,CUST-0043,18/04/2024,28384.31,INR,completed
ORD-0691,CUST-0180,2024-09-19,691.35,USD,pending
ORD-0461,CUST-0151,2024-07-15,637.04,USD,completed
ORD-0892,CUST-0138,24/02/2024,785.71,USD,completed
ORD-0554,CUST-0058,24/03/2024,46.06,USD,pending
ORD-0858,CUST-0100,2024-06-07,365.67,USD,pending
ORD-0960,CUST-0129,2024-05-21,57296.01,INR,completed
ORD-0207,CUST-0172,2024-11-22,604.92,USD,completed
ORD-0393,CUST-0154,2024-09-02,694.0,EUR,completed
ORD-0795,CUST-0053,2024-07-30,148.82,EUR,completed
ORD-0871,CUST-0133,2024-11-09,19576.98,INR,completed
ORD-0398,CUST-0111,2024-02-24,418.33,USD,completed
ORD-0767,CUST-0065,2024-07-11,27270.98,INR,completed
ORD-0929,CUST-0077,2024-01-20,75.45,EUR,completed
ORD-0218,CUST-0077,21/03/2024,484.8,EUR,cancelled
ORD-0005,CUST-0177,04/04/2024,235.67,USD,pending
ORD-0769,CUST-0036,2024-08-13,521.91,USD,completed
ORD-0643,CUST-0070,2024-11-14,626.04,EUR,completed
ORD-0980,CUST-0064,2024-08-06,593.56,USD,completed
ORD-0613,CUST-0100,2024-01-19,615.32,EUR,returned
ORD-0739,CUST-0138,2024-10-07,49016.83,INR,completed
ORD-0547,CUST-0157,2024-04-23,381.21,EUR,completed
ORD-0726,CUST-0138,2024-12-25,29137.6,INR,pending
ORD-0046,CUST-0169,07/09/2024,32255.68,INR,completed
ORD-0684,CUST-0032,2024-08-18,413.27,USD,completed
ORD-0099,CUST-0092,2024-05-01,212.25,EUR,completed
ORD-0805,CUST-0045,23/11/2024,683.44,USD,completed
ORD-0728,CUST-0023,2024-02-07,455.31,USD,pending
ORD-0574,CUST-0159,2024-03-16,154.85,USD,pending
ORD-0407,CUST-0142,2024-03-22,380.4,USD,completed
ORD-0503,CUST-0112,2024-12-05,18072.92,INR,completed
ORD-0048,CUST-0049,23/12/2024,687.69,USD,completed
ORD-0033,CUST-0195,08/10/2024,216.87,USD,completed
ORD-0930,CUST-0015,20/06/2024,344.89,USD,pending
ORD-0780,CUST-0176,2024-06-24,5871.52,INR,completed
ORD-0840,CUST-0035,2024-11-18,592.86,EUR,pending
ORD-0201,CUST-0128,2024-12-20,425.04,USD,cancelled
ORD-0135,CUST-0147,2024-07-26,102.31,EUR,completed
ORD-0028,CUST-0196,2024-12-10,49957.42,INR,completed
ORD-0962,CUST-0101,2024-12-02,426.16,USD,pending
ORD-0231,CUST-0155,2024-06-21,53902.5,INR,completed
ORD-0490,CUST-0014,2024-04-01,55.82,USD,completed
ORD-0773,CUST-0106,2024-01-12,482.03,USD,completed
ORD-0379,CUST-0127,2024-03-15,348.46,USD,completed
ORD-0289,CUST-0164,2024-07-26,7007.85,INR,completed
ORD-0419,CUST-0166,2024-03-29,120.7,EUR,completed
ORD-0675,CUST-0144,2024-04-15,267.51,EUR,completed
ORD-0392,CUST-0169,2024-03-19,N/A,EUR,pending
ORD-0593,CUST-0200,2024-09-25,13740.48,INR,completed
ORD-0499,CUST-0126,2024-01-31,19268.9,INR,completed
ORD-0139,CUST-0087,2024-04-23,418.18,USD,completed
ORD-0063,CUST-0175,03/05/2024,201.11,USD,completed
ORD-0472,CUST-0107,2024-08-04,410.77,EUR,completed
ORD-0648,CUST-0061,02/01/2024,106.14,USD,completed
ORD-0129,CUST-0079,2024-01-24,62.73,USD,returned
  ORD-0970  ,CUST-0008,2024-06-12,27614.49,INR,completed
ORD-0521,CUST-0039,18/01/2024,491.81,EUR,completed
ORD-0839,CUST-0190,2024-03-17,348.79,USD,completed
ord-0862,CUST-0046,2024-10-29,483.44,EUR,completed
ORD-0065,CUST-0120,27/05/2024,341.35,EUR,completed
ORD-0813,CUST-0045,2024-07-27,386.32,EUR,completed
ORD-0015,CUST-0134,2024-07-13,690.93,USD,completed
ORD-0157,CUST-0065,2024-12-02,11048.71,INR,completed
ORD-0041,CUST-0184,29/05/2024,629.02,EUR,completed
ORD-0493,CUST-0075,2024-10-15,195.57,EUR,pending
ORD-0380,CUST-0124,2024-02-09,582.3,USD,cancelled
ORD-0188,CUST-0172,2024-02-13,715.89,EUR,completed
ORD-0764,CUST-0011,2024-11-28,426.67,USD,pending
ORD-0217,CUST-0082,2024-12-07,442.89,USD,completed
ORD-0922,CUST-0078,04/01/2024,687.46,USD,completed
ORD-0792,CUST-0053,2024-12-18,8268.03,INR,completed
ORD-0053,CUST-0117,2024-01-08,497.3,EUR,completed
ORD-0879,CUST-0193,2024-03-15,75.68,USD,pending
ORD-0338,CUST-0185,2024-08-28,166.69,EUR,completed
ORD-0749,CUST-0057,2024-12-30,632.96,EUR,completed
ORD-0720,CUST-0083,14/07/2024,,INR,cancelled
ORD-0725,CUST-0162,19/04/2024,8099.35,INR,completed
ORD-0296,CUST-0095,2024-11-10,392.98,USD,returned
ORD-0702,CUST-0191,2024-11-27,592.11,EUR,completed
ORD-0252,CUST-0012,2024-01-20,389.52,USD,completed
ORD-0727,CUST-0019,2024-12-17,278.74,USD,completed
ORD-0462,CUST-0064,21/05/2024,457.93,EUR,completed
ORD-0456,CUST-0188,2024-02-22,253.42,USD,completed
ORD-0271,CUST-0074,03/03/2024,673.7,EUR,completed
ORD-0816,CUST-0198,04/05/2024,353.88,EUR,returned
ORD-0863,CUST-0145,2024-08-10,244.67,EUR,completed
ORD-0270,CUST-0123,2024-06-27,546.26,EUR,cancelled
ORD-0946,CUST-0029,2024-01-28,135.19,USD,completed
ORD-0202,CUST-0022,2024-08-05,661.43,USD,completed
ORD-0162,CUST-0135,17/02/2024,282.86,EUR,completed
ORD-0556,CUST-0097,23/03/2024,675.43,EUR,completed
ORD-0730,CUST-0104,09/08/2024,112.28,USD,completed
ORD-0402,CUST-0022,2024-02-29,23618.87,INR,pending
ORD-0703,CUST-0179,2024-05-27,297.32,EUR,completed
ORD-0477,CUST-0157,2024-11-07,533.28,USD,completed
ORD-0822,CUST-0056,2024-10-20,552.82,USD,cancelled
ORD-0772,CUST-0124,2024-12-11,145.77,USD,completed
ORD-0106,CUST-0160,20/11/2024,296.82,EUR,pending
ORD-0566,CUST-0165,2024-10-05,317.53,USD,completed
ORD-0390,CUST-0113,2024-05-29,55334.53,INR,completed
ORD-0002,CUST-0142,2024-09-28,449.3,USD,returned
ORD-0142,CUST-0051,2024-03-29,497.83,EUR,pending
ORD-9903,CUST-9903,2024-06-15,100.0,USD,completed
ORD-0562,CUST-0126,2024-03-19,88.35,USD,completed
ORD-0932,CUST-0163,2024-11-19,52.12,USD,completed
ORD-0081,CUST-0094,2024-02-16,410.77,EUR,completed
ORD-0206,CUST-0112,2024-05-20,N/A,EUR,pending
ORD-0035,CUST-0139,2024-08-24,302.19,USD,completed
ORD-0943,CUST-0007,2024-06-05,660.84,USD,completed
ORD-0776,CUST-0145,22/11/2024,536.16,USD,pending
ORD-0509,CUST-0176,2024-06-04,4060.94,INR,completed
ORD-0428,CUST-0140,2024-04-21,54209.49,INR,completed
ORD-0455,CUST-0109,2024-12-21,318.79,USD,completed
ord-0877,CUST-0127,2024-04-21,643.58,USD,completed
ORD-0367,CUST-0088,2024-11-05,308.39,EUR,returned
ORD-0092,CUST-0166,2024-07-02,775.2,USD,completed
ORD-0340,CUST-0005,2024-05-13,545.05,EUR,completed
ORD-0898,CUST-0040,2024-08-18,306.35,USD,completed
ORD-0565,CUST-0079,2024-07-22,226.7,USD,cancelled
ORD-0346,CUST-0020,2024-12-08,127.24,USD,completed
ORD-0777,CUST-0073,2024-02-13,387.7,USD,completed
ORD-0233,CUST-0167,17/04/2024,485.74,EUR,completed
ORD-0242,CUST-0049,22/03/2024,409.03,USD,completed
ORD-0014,CUST-0143,01/08/2024,183.2,EUR,pending
ORD-0316,CUST-0009,04/12/2024,,USD,pending
ORD-0601,CUST-0069,2024-11-29,628.64,USD,completed
ORD-0388,CUST-0145,2024-04-12,517.01,EUR,completed
ORD-0167,CUST-0097,2024-03-19,621.46,USD,pending
ORD-0841,CUST-0077,2024-05-08,309.63,EUR,completed
ORD-0021,CUST-0068,16/11/2024,162.8,EUR,pending
ORD-0647,CUST-0141,2024-09-11,32022.16,INR,completed
ORD-0832,CUST-0081,2024-12-18,315.95,USD,completed
ORD-0563,CUST-0170,2024-11-16,36.84,EUR,completed
ORD-0004,CUST-0185,2024-04-08,761.68,USD,pending
ORD-0687,CUST-0178,2024-10-23,100.77,USD,pending
ORD-0958,CUST-0136,2024-06-05,142.46,USD,completed
ORD-0190,CUST-0121,23/01/2024,203.67,EUR,returned
ORD-0976,CUST-0100,2024-09-08,196.49,USD,completed
ORD-0700,CUST-0076,2024-04-14,613.87,EUR,completed
ORD-0511,CUST-0132,2024-01-26,743.18,EUR,completed
ORD-0475,CUST-0167,2024-12-14,338.24,EUR,completed
ORD-0857,CUST-0022,2024-02-23,530.77,USD,completed
ORD-0748,CUST-0094,2024-06-10,21389.14,INR,completed
ORD-0253,CUST-0117,2024-03-17,258.07,EUR,completed
ORD-0022,CUST-0030,2024-10-05,227.19,USD,completed
ORD-0460,CUST-0114,2024-04-21,606.91,USD,completed
ORD-0277,CUST-0014,2024-02-21,98.43,USD,pending
ORD-0956,CUST-0125,2024-11-01,384.48,EUR,completed
ORD-0386,CUST-0189,21/12/2024,590.41,EUR,returned
ORD-0806,CUST-0133,26/05/2024,418.23,USD,pending
ORD-0344,CUST-0044,2024-06-29,400.89,USD,pending
ORD-0770,CUST-0055,2024-03-17,579.5,USD,completed
ORD-0131,CUST-0075,2024-06-16,355.91,USD,completed
ORD-0872,CUST-0191,29/09/2024,55696.11,INR,completed
ORD-0088,CUST-0179,2024-10-03,N/A,USD,pending
ORD-0331,CUST-0069,2024-07-12,657.49,EUR,completed
ORD-0467,CUST-0019,2024-09-27,24429.74,INR,completed
ORD-0122,CUST-0169,2024-07-24,778.01,USD,pending
  ORD-0168  ,CUST-0043,2024-08-12,581.28,USD,completed
ORD-0861,CUST-0070,2024-10-07,564.15,USD,returned
